"","V1","V2","V3","V4","V5","V6","V7","V8","V9","V10","V11","V12","V13","V14","V15","V16","V17","V18","V19","V20"
"PAPAG.05i",0.949190473971845,0.949424812445667,0.960508172517492,0.956959369735616,0.96457753906018,0.979610093181649,0.976431898781078,0.946131602816254,0.95107399669892,0.980631891906285,0.979446580796973,0.949500444562948,0.946939759715489,0.952517727264588,0.95991738732815,0.955409222151874,0.962073523584496,0.953319987532459,0.96205384719486,0.954844354282679
"PANTA.05i",0.957264767673005,0.953371689055995,0.975744777327919,0.946028303892407,0.969060276569808,0.92989216015038,0.964809076624838,0.945314615423926,0.970698244869969,0.963924955898605,0.946100333363894,0.952532244789774,0.95850742957746,0.949993428119289,0.957723397013863,0.952823535504732,0.932957093850557,0.9669012057562,0.966788589645422,0.969822181236557
"CAIEA.05i",0.949645112953434,0.955013158986617,0.960366785763583,0.957622940200651,0.955903447698177,0.972000422013257,0.947784884995759,0.963557846986337,0.961652321583737,0.964780469248107,0.951806719943744,0.94698203496864,0.955742076143936,0.962339097605366,0.930455166569232,0.943493463607091,0.961163296384231,0.947314096259085,0.97307565605672,0.965525531789108
"FUNDO.05i",0.960772283034445,0.946627481589767,0.944328015617456,0.930784138884757,0.939760118780921,0.976774144048206,0.943137670114939,0.91581789406868,0.960630520492133,0.941411838508483,0.955856467111641,0.958332443823216,0.966153665221234,0.950653426133851,0.983427463165619,0.976229558730037,0.927881005447406,0.974030352745724,0.969814096783898,0.963614842285016
"RINCO.05i",0.958558830682405,0.961972869192554,0.954218820520139,0.963320453334558,0.966833962524675,0.955174446349323,0.945852969568791,0.957206612983958,0.979005457726413,0.954216052047682,0.961261839355656,0.949585556948523,0.956630230100512,0.943217983703917,0.953517021828969,0.957273170365242,0.9565728802325,0.951201472519671,0.968974591733403,0.956451180962112
"ALEMO.05i",0.987140188433296,0.98650254738599,0.929575964984979,0.8101402222872,0.97014448049725,0,0.995421188265412,0.952292953177384,0.991622917240093,0.915857987580334,0,0.814507699100805,0.946287101265997,0.967024398477725,0.98644394129201,0.904728247477644,0.908763734757331,0.884173310669361,0,0.977085526664168
"DOURO.05i",0.966722908631941,0.936297986755134,0.969591148406652,0.96458516109169,0.97502433079401,0.955432411228732,0.967469287116439,0.94796436272003,0.965952763193601,0.961287942145766,0.941454409799712,0.938264408836487,0.983603074566509,0.956350469873197,0.951644374505945,0.966544351124851,0.963710082364858,0.966018173985414,0.974569976257826,0.960726074979697
"PAULO.05i",0.947190531190048,0.948209219877128,0.937987646350725,0.958579132564291,0.955181593136971,0.96640309291908,0.964982606948538,0.965342186136078,0.974182028677444,0.942728969454811,0.919903804235695,0.970167004599587,0.981103805744259,0.973784450674479,0.922943885041204,0.932601262119129,0.93707885092727,0.957181633844683,0.974994741225044,0.954276165500611
"CANAL.05i",0.948826568825597,0.970190553204714,0.970119167680532,0.957929704758496,0.96286983514833,0.948816308454561,0.95850922441769,0.95007198740037,0.96976837157392,0.967881523897369,0.938869917038197,0.980774253553231,0.960406678923528,0.977613098937393,0.95849749445965,0.962477451449443,0.975198166939017,0.949005079978751,0.961694667832429,0.964382879918753
"Pont1.05i",0,0,0,0,0,0,0,0,0,0,0,0,0,0,0,0,0,0,0,0
"Pont2.05i",0.946345909764759,0.948663276293594,0.981646463376992,0.956354234225377,0.966095277491851,0.896714121509577,0.94925049446309,0.963787301241436,0.90552158560752,0.987130349558378,0.937117350531761,0.948782969679407,0.953807270250903,0.957780434564828,0.945939048067976,0.929706534930525,0.985476488707209,0.961578447578106,0.94856238595703,0.954904366170186
"Pont15.05i",0,0,0,0,0,0,0,0,0,0,0,0,0,0,0,0,0,0,0,0
"Pont20.05i",0,0,0,0,0,0,0,0,0,0,0,0,0,0,0,0,0,0,0,0
"JDIAS.05i",0.963378620664666,0.971647322522974,0.940770105136617,0.970055146011435,0.919358592967024,0.937731119515086,0.946224023017029,0.957883310631536,0.956204821908521,0.976945350618831,0.950305279884138,0.951380810745426,0.943594935963202,0.969504375204361,0.938859365291834,0.956426101578574,0.914249666370424,0.915709982455299,0.987632149645592,0.94890196805306
"RONDA.05i",0,0,0,0,0,0,0,0,0,0,0,0,0,0,0,0,0,0,0,0
"BNITO.05i",0.935349398605749,0.872562805204899,0.999732860713431,0.884771435948235,0.945063710497729,0.975846615130475,0.955207030484983,0.977094448195073,0.892046893257344,0.969959714766393,0.993674495015139,0.887491761639101,0.971415185342217,0.973124660485244,0.837474925420036,0.967682231788324,0.937913834939744,0.973109377018274,0.978117819873793,0.932504152369797
"SAIDA.05i",0.969283654416922,0.981889739402199,0.952408384296789,0.977806556176099,0.961084300522613,0.888518695969283,0.91057765168493,0.961997617901476,0.940303935187898,0.961065875031696,0.922477486378437,0.986531540806706,0.969637077442992,0.968842650365626,0.950995514930483,0.981107621401145,0.938119120466704,0.977800658343471,0.926701028626815,0.889379710193557
"SIMAO.05i",0,0,0,0,0,0,0,0,0,0,0,0,0,0,0,0,0,0,0,0
"FIGUA.05i",0.982769556068268,0.93578541421696,0.947791892394479,0.981143606109647,0.936312155935798,0.955981659664752,0.948879086468099,0.969167291815588,0.914623359581917,0.967967683042224,0.951161868017443,0.970568250785863,0.979425080774861,0.966812424177478,0.965867713389904,0.944904727715583,0.970850399819448,0.937552646428607,0.92675357561853,0.943285768778763
"PAPAG.06i",0.980529303908155,0.974639918385488,0.944498145537935,0.974110363804554,0.948804223897246,0.951708436497501,0.946020366043397,0.963690672208565,0.95045833673987,0.949523471751607,0.937884381755737,0.976402080898738,0.969266387690965,0.926703624345603,0.925810481307964,0.946654320924382,0.967144337471811,0.953311891566537,0.972745267574999,0.968812562962952
"PANTA.06i",0.950676124827864,0.959321635812354,0.946074659290396,0.963279372878553,0.963666044875197,0.95979437386028,0.951215906141313,0.9638361674719,0.965853748502478,0.969931318906952,0.962111489722387,0.959026977810832,0.946693634528468,0.961156142966254,0.970353428177483,0.967658580185279,0.941126484619404,0.95722032621446,0.965966927033301,0.953227720926233
"CAIEA.06i",0.974404951341796,0.979497607729844,0.962773398082387,0.960052940437418,0.946821518875298,0.955595263394452,0.960276232420098,0.957955804250803,0.951169375915006,0.979286138594486,0.951710891238219,0.941730284297133,0.951342974772062,0.963815680229171,0.966231969485197,0.936909997468944,0.951300316198047,0.952995148254547,0.954664446103291,0.967006177111641
"FUNDO.06i",0.943543749510459,0.951449102761242,0.938509152877022,0.957883725330193,0.945600989634871,0.957608729001991,0.96688819196503,0.952332357978347,0.944073313524592,0.944408056770561,0.945954101210403,0.952065916133146,0.946003174227155,0.969979193962506,0.938337892002276,0.967128923041164,0.966364818774522,0.948365456508608,0.958133905340329,0.953388154836011
"RINCO.06i",0.965919916991585,0.953947400530011,0.949907047581275,0.937949013920465,0.959333083485722,0.954931089080467,0.934225276677426,0.970289127545791,0.955675228092891,0.956962799252309,0.957399686314094,0.973132697220921,0.945975952764401,0.968902726231749,0.960649653472946,0.947987181845372,0.947080523825609,0.942725607692899,0.932065619014106,0.9532839632873
"ALEMO.06i",0,0,0,0,0,0,0,0,0,0,0,0,0,0,0,0,0,0,0,0
"CANAL.06i",0.976499039504952,0.966234129723538,0.959962808699219,0.957764197129789,0.953438509864535,0.941728700710783,0.961964643838632,0.952462300834185,0.955806639118732,0.955014394037876,0.951418430258211,0.953799819699603,0.965570324733266,0.974078821036106,0.964032221932208,0.939194443929073,0.960519379668676,0.959796796349108,0.956293953378824,0.972849420271319
"BABAL.06i",0.954707596926164,0.959792931839808,0.958487432483604,0.965227834934757,0.946912236459395,0.958309454646705,0.969009910892616,0.951383240902735,0.93895134890724,0.954063345910611,0.959521625662772,0.951806351013419,0.952067686807799,0.945210568593716,0.95606660908009,0.969057976448883,0.955914775317457,0.96493368320401,0.960614693128186,0.959448098519367
"LMEIO.06i",0.936924892309833,0.973286038001192,0.959338790894892,0.976544219675059,0.954811790339606,0.970393318393313,0.967237646370696,0.972755863001849,0.949791602334998,0.966186240862536,0.952784823824312,0.965724028393208,0.94762176103107,0.965696479995468,0.946026423500622,0.95490588964054,0.954677263961848,0.965687813692406,0.967226633250845,0.957639786553907
"TALHA.06i",0.952703666677239,0.959188337706023,0.960184535381309,0.958992989489761,0.963176433525905,0.96063448504584,0.935245013294124,0.971201874460471,0.94101693798593,0.941807025981345,0.972337540053201,0.931014546068874,0.933547536656019,0.942828528267426,0.969179977732773,0.966298618500754,0.940431479904204,0.962332302498462,0.941667991313904,0.939640024814043
"BARRA.06i",0.923468886340682,0.976725459129779,0.934238243270598,0.995582219596471,0.983358243774635,0.92885910716429,0.977839417741885,0.99353896006542,0.936915944983235,0.981249021885712,0.930524311515718,0.925751801518061,0.850943546938661,0.846083085106962,0.885439565417684,0,0,0.771220052063502,0.915207777061617,0.995400060729825
"PPRAI.06i",0.951796667184982,0.960466803258514,0.95523158463062,0.961658973468906,0.960703292225482,0.963735411207982,0.969246396475668,0.939024536130888,0.942662564331666,0.97547037202655,0.980568293144264,0.933906231152963,0.946688914975112,0.944348492367547,0.965910350411395,0.946171246105124,0.976005075452898,0.946868403733339,0.972744557382635,0.963755547282024
"FIGUA.06i",0.962121452100163,0.950130314096414,0.968517335592982,0.95965918795627,0.973575957317038,0.965665561428255,0.971850214737188,0.967711573745074,0.942907439776489,0.970513697054102,0.959950750107978,0.971589431270384,0.946378474618656,0.976526600728138,0.971415750745451,0.96540643068884,0.936939134770038,0.960699485945465,0.961478457567678,0.95612433463018
"PAPAG.06v",0.963671994872604,0.950470740066473,0.953449329702445,0.978602138184858,0.962988968777052,0.965994825399976,0.963596250001955,0.959776935667575,0.933029469970034,0.97777053830572,0.963799630810196,0.914718920217778,0.972885901386885,0.97756239750739,0.940879092771565,0.954932915093806,0.932254186989683,0.932433094338412,0.956624292911154,0.9527959268344
"PANTA.06v",0.975680034086756,0.94553583916929,0.957231416645379,0.977586069937357,0.948034357821504,0.915396449092752,0.932908918703469,0.93740011341693,0.942487794506655,0.990113669137496,0.957043041311756,0.96704153869991,0.961254484902881,0.950369005468888,0.937334800166963,0.956294080118417,0.973168023356465,0.956982368580466,0.96555651198309,0.954692104669765
"CAIEA.06v",0.964658332769205,0.945701639641014,0.949316528203935,0.98017904777384,0.952050250737415,0.962258854363389,0.940747382094387,0.961822338746595,0.94952209739688,0.93962372876693,0.946486213860159,0.958430270017566,0.964643537349249,0.959856045271456,0.957790309059616,0.968862073148991,0.947577481555617,0.973794562547521,0.962206336882824,0.949138099903871
"FUNDO.06v",0.95964267268171,0.955708628044569,0.950314231372089,0.957246223202488,0.969236035455465,0.96660683200734,0.936563892988433,0.958113253201683,0.961424816621409,0.963881691560637,0.96613421678885,0.95376836932444,0.942174795656656,0.954019949877839,0.956632422800443,0.963325408581346,0.95746285522483,0.959492094646632,0.967146017993943,0.950429652311551
"RINCO.06v",0.941539445142834,0.968738297494441,0.967474518742544,0.959945496354875,0.977415040552973,0.974837194750225,0.96022633036047,0.963989279020068,0.948648367206062,0.964065208231711,0.954067358389758,0.968936505588647,0.962916076981328,0.961542645859703,0.954840498973985,0.959454511307908,0.956686005490731,0.956299046938439,0.948005422686166,0.95789495499705
"ALEMO.06v",0.923449490802495,0.898421549766748,0.936117558535832,0.967392556241842,0.940386586190208,0.858855093336788,0.981879435874037,0.926965098923378,0.979000708094994,0.886416762716625,0.916378651754069,0.982167034398815,0.92703899550249,0.981816240314098,0.939873909851555,0.983961933734234,0.98367129290308,0.992813680901044,0.930439849618674,0.935753123010223
"DOURO.06v",0.93820068641036,0.960087989010364,0.94829803040729,0.949563206167426,0.967058260205684,0.969519665595593,0.961440626323175,0.963860518064302,0.959270994034898,0.95925385739933,0.962328263443078,0.959231635882217,0.948185236495823,0.964168834651743,0.957858448973114,0.979721687341052,0.950372592887188,0.96715416737237,0.949801529043302,0.958264597734431
"PAULO.06v",0.927729965946519,0.972290254890851,0.973022801762604,0.97727358221839,0.968650981055662,0.984140270872816,0.962669565896906,0.977133466903382,0.976265164994862,0.960371889974028,0.958131346869009,0.957723877190554,0.948427058474147,0.967930548385266,0.961625416769568,0.95009648025161,0.937634832206531,0.939528600845419,0.974283908858605,0.943488072001455
"CANAL.06v",0.969945584375567,0.970290050672334,0.975709772742433,0.932385785716589,0.937464222074202,0.984897361963703,0.972090189920129,0.953489835909775,0.952742016199895,0.965422177667968,0.969275397316215,0.95196272716084,0.953899563767755,0.960372265176355,0.956809844625702,0.957374547620215,0.962458121539356,0.956041732985274,0.946454393278308,0.951613184022757
"BABAL.06v",0.869993101478722,0.953471695056425,0.941913004009594,0.963616612562889,0.920790877785164,0.97053375930792,0.968154134198948,0.992967154311919,0.900064755754286,0.818141775041704,0.928460293649051,0.984823099521693,0.982271720409342,0.945683761152795,0.957518656401981,0.965370189229069,0.971803834180608,0.90206337622253,0.994330336416583,0.939626429063632
"TALHA.06v",0.975367087066398,0.963655768475542,0.950052833971041,0.958864470898274,0.978210000862979,0.952973048839707,0.966343337353401,0.985171319420056,0.951827954467793,0.963054360283063,0.962398557870465,0.96881536949868,0.960171007418545,0.947960542079212,0.948654368783272,0.949419649473816,0.944904412584892,0.977307801873096,0.949588920029291,0.980123222493823
"BARRA.06v",0.974373263040003,0.966082503868411,0.938456449243884,0.946020591133536,0.974534659604561,0.953945356910267,0.967933142802045,0.969081506982667,0.956137352044995,0.942790739208276,0.948902502519545,0.957631789365445,0.948421429652144,0.969978476274005,0.957387347543107,0.955525430070787,0.937782823040755,0.970198583188331,0.945761611810225,0.950474628512763
"PPRAI.06v",0.944351453159666,0.986341239449148,0.939307356238174,0.984184266774309,0.917887472248284,0.951798901193187,0.96291123880473,0.957886794066494,0.965085848924645,0.948578568485365,0.962371716566208,0.961762146542731,0.958533472080338,0.975400408336444,0.976850090109994,0.974396976859394,0.980246572680122,0.954056403210208,0.97513854244251,0.952607911104034
"VEANA.06v",0.974277774006826,0.977735364608729,0.940748531743981,0.944954915905323,0.953332206446926,0.953473210563607,0.972304021889872,0.931108647574262,0.970914992884723,0.966080708669469,0.96283721877594,0.956649419303299,0.951894844328976,0.972178701586282,0.948702786649616,0.962973190207154,0.944565646587482,0.958702828908924,0.955548666637938,0.96130276412624
"PJOAO.06v",0.887452561384922,0.983082432005803,0.987465292836814,0.908144007180924,0.977599356400168,0.914292963234588,0,0,0.962316975885439,0.993349000634159,0.981956344773985,0.994959366032054,0,0,0.894900136124555,0.808044383375351,0.949248426170197,0.988492394532367,0.999179558849709,0.963096059356212
"PANTA.07i",0.942231549165324,0.960697177337394,0.959372110644968,0.957549320636703,0.937944463414149,0.95589546695572,0.969635669171495,0.966880159340541,0.957741090712568,0.934910532301112,0.945355721699781,0.947515734777916,0.98288733640631,0.943678616764564,0.944417798547038,0.956901086584569,0.955523030660982,0.942900088222956,0.95184932163793,0.956888926014961
"FUNDO.07i",0.950803468653495,0.967060363714476,0.967707858229597,0.953810767492101,0.972708286540646,0.967712157131345,0.964263152038435,0.954102689794999,0.957717957348791,0.956710116808407,0.940503545331362,0.962662032904478,0.949249301908552,0.955835846247005,0.927547674442265,0.946243870032986,0.924052925343642,0.961792516534884,0.948464830265019,0.966291412982164
"LMEIO.07i",0.939939570740157,0.954319143153009,0.951509663965933,0.945490474887782,0.951931815409087,0.959576470867074,0.953884563417845,0.953730275681485,0.957145665988728,0.941224538695253,0.945049183844386,0.957715707223522,0.972674210827107,0.955908197443201,0.957555314788189,0.95724836213527,0.966820185655907,0.966815298247461,0.961438599802054,0.94733035869716
"CAIEA.07i",0.954176552052913,0.967570651131073,0.958041352067311,0.951404594282987,0.966823122799754,0.954042090003316,0.945898954682607,0.960500905109581,0.951070889559953,0.955253232476667,0.954805409888382,0.953179568025095,0.972111080492352,0.944481926519348,0.945778432711827,0.954518235947763,0.96558276280038,0.962297828859049,0.956649418267703,0.954949129509154
"RINCO.07i",0.959743606738565,0.955600304227153,0.960849415112426,0.957999016745345,0.963936754277142,0.948207786100561,0.949152380219437,0.951599198298956,0.958574159655769,0.953488069552092,0.972872236032586,0.95303297803309,0.950979428294468,0.943794330158701,0.96427877202526,0.952750599491033,0.956391476734535,0.962944112338042,0.962179658180502,0.957299626305181
"FIGUA.07i",0.955349513344575,0.962510528330741,0.954625932082222,0.939565348692084,0.944859751108172,0.952878455272356,0.967089345609598,0.955341094542432,0.983126204969888,0.976780015167278,0.952969562736709,0.955637599471467,0.944923227681298,0.968042171339112,0.96445151325874,0.974936978284239,0.956159202074168,0.95847536716728,0.973608935162821,0.942439027354922
"PPRAI.07i",0.970887698113427,0.951404127819956,0.947386776996772,0.96297906419466,0.969016288380063,0.966143643443523,0.977101033533433,0.960455676502807,0.957385481873623,0.967314291753569,0.95168324777995,0.97005470867088,0.939475750437946,0.986228365136705,0.961104498766286,0.970405623509208,0.949491981565509,0.977924792077344,0.936554913596775,0.97462361806231
"DUNAS.07i",0.971970443617498,0.972914984045593,0.966672446383293,0.972206935899901,0.940781003927734,0.945193167106213,0.962999904656468,0.959049891504481,0.961768914061178,0.950068891163359,0.953175177915371,0.967069646444085,0.964665343102127,0.9487240384828,0.955860466582692,0.95474706395949,0.943276872433851,0.957692064243517,0.940676197221763,0.966444941794534
"PAPAG.07v",0.908113545727119,0.97645328012372,0.940127901004026,0.975241504989444,0.868931850599239,0.921322385059067,0.96597928052838,0.993349000634159,0.958664066122714,0.956468179202702,0.97763571718042,0.964348096398715,0.991740721432583,0.900043716799869,0.9963002034415,0.985358290178564,0.899395734599154,0.90372482899035,0.9461247639182,0.942526343405216
"PANTA.07v",0.934590892936916,0.975750881526466,0.953444096099495,0.962083395006162,0.964407623840402,0.935147530889447,0.964643486829536,0.957399811130701,0.957681414279503,0.982602804151277,0.963200461452908,0.95306236061527,0.966615720263492,0.938453092341511,0.950578602957911,0.961452582347036,0.962708858016363,0.955607056489973,0.962169090044999,0.948212881475668
"CAIEA.07v",0.962849002601443,0.973169987937511,0.962457449730486,0.981160030839435,0.966644121111769,0.964553086523004,0.964773353836131,0.952080471710599,0.961561100344404,0.953091741362513,0.976882066348568,0.965294374854645,0.96229937139824,0.978996039066588,0.965163460341241,0.96299768411151,0.951977049286128,0.969216095212947,0.961152770644198,0.982420996246925
"FUNDO.07v",0.948769279062161,0.955833873382211,0.944739293680029,0.956721350690269,0.955989956553569,0.924401720017905,0.968681545913588,0.958548268804156,0.956337990246496,0.967485480315187,0.952294280616594,0.944248187082613,0.958295166850283,0.951896423577371,0.960738116529483,0.956628009475492,0.937994492036564,0.960593776390302,0.945835518841073,0.964691945997044
"RINCO.07v",0.949899044462346,0.960834986480808,0.945079794020771,0.971145422314729,0.974266541676817,0.966310397366397,0.950946575078487,0.960637695352731,0.973102713282274,0.961997907225919,0.920630760066666,0.94780339853808,0.966072046205132,0.973025004125314,0.932938146732944,0.961961986263939,0.953690529448515,0.945353107860188,0.966057893636558,0.935672946251414
"ALEMO.07v",0.983444541089312,0.987228489922285,0.990038885111989,0,0.820405608114136,0,0.928991109164357,0.941672076826637,0.974295149652522,0,0.997976756055938,0.938863767504769,0.93296079068014,0.949436241108424,0.95510788096068,0.942952496995034,0.930983011199959,0.96541019564096,0.979101852346615,0.886270869442177
"DOURO.07v",0.963061880250908,0.968951342567141,0.940949113536718,0.947441243190134,0.940910770610097,0.950992368107232,0.977415090777197,0.968330808487841,0.937064738896697,0.961135258484086,0.959232359275778,0.960753813958615,0.966433936437228,0.962834976700458,0.967570239135423,0.959236805654012,0.963044431538116,0.95561775575476,0.971923068050788,0.966526304013729
"CANAL.07v",0.960316051306455,0.978361745669705,0.968385837966178,0.973223297175213,0.960337219556667,0.970760547851188,0.966497755017835,0.945863783605684,0.955841680598188,0.941017360029681,0.942096325339562,0.946558878099069,0.962707075939944,0.967730160836071,0.973745903017545,0.977051912916625,0.969646446527979,0.954395450474512,0.981578181994531,0.94551542968491
"BABAL.07v",0.95895929427087,0.958878092214821,0.96337478527183,0.946259607827058,0.952165102161534,0.929665758597859,0.944431295364095,0.968412387429143,0.926333908575053,0.965312515457911,0.948653172160059,0.955379939887714,0.967124858695847,0.974605155933116,0.968134845646121,0.963062014594579,0.974325252150545,0.953368246676099,0.957623944923752,0.948147746000023
"TALHA.07v",0.972667444792174,0.986242889234842,0.963928721663559,0.96261428843128,0.935423910201392,0.965638209477414,0.964232093237505,0.973057434489076,0.969061678598706,0.956348451078884,0.949768698857619,0.944215664212925,0.935428220538653,0.937155551350205,0.942188473704773,0.963833142909883,0.979446546452694,0.983347112966739,0.953276751670219,0.9694972353832
"BARRA.07v",0.957858771505249,0.957749716567512,0.963823592133293,0.942754280870806,0.9529652661154,0.951756554223135,0.952588456348542,0.960341593432444,0.959542686808653,0.972983160546534,0.960910063391537,0.977617132369308,0.956274316211145,0.960502926081346,0.953970097854827,0.952976908753034,0.951366326453662,0.959406894096081,0.948074816439681,0.953230085192471
"PPRAI.07v",0.936980109931451,0.960819385116157,0.975267289043029,0.963028743648967,0.937523604287539,0.950108638451363,0.961201742497876,0.939921164057471,0.937269780815664,0.949163899624397,0.957116973063544,0.952066412294198,0.960518582109758,0.940537305852414,0.976670702097297,0.941439629357367,0.964501172485273,0.978798629561188,0.958635812971365,0.945074728841115
"FIGUA.07v",0.971628727342778,0.957958525190419,0.930648657104104,0.95623494420862,0.927629716189995,0.950227926642889,0.965629979317507,0.972069275576398,0.950102346144477,0.96676821766321,0.9683932125512,0.965966025971571,0.966792809734368,0.951821332163488,0.966216958403803,0.975874405916516,0.977703342505681,0.950266923449921,0.961224235902094,0.976355215187202
"PPRAI.08i",0.951175946631087,0.94773890156698,0.958597943665725,0.960189610718924,0.952016572308058,0.96894188973625,0.936048696121211,0.968864322728473,0.9740922174259,0.950072063728593,0.960643323077468,0.960931511968783,0.95900964161367,0.943244244348616,0.975150345953068,0.942529964589225,0.966278686508333,0.961955253674711,0.969639980684506,0.966525067320949
"BARRA.08i",0.976136382684473,0.952524397666354,0.966595310333844,0.96476693235528,0.954075565486238,0.951874158162663,0.96310238481087,0.953351409531153,0.95812492126306,0.949969271940352,0.954313621840788,0.971052410171866,0.95641093996374,0.963816437091101,0.956682708227301,0.961651873491459,0.974704215872822,0.947031177711626,0.957822549014198,0.974266766376043
"PAPAG.09v",0.960582005609068,0.912867804856259,0.94729850031531,0.93961917296443,0.959877428334001,0.915711247859203,0.962246109885777,0.945433457014166,0.948657767547819,0.961723752612733,0.975227095333717,0.93900068401373,0.925368549034256,0.972440010422032,0.930425150709066,0.974832446956143,0.971204018716455,0.940233577967142,0.964346027026794,0.962013221406011
"PANTA.09v",0.965918322498167,0.969296353069243,0.955350045594177,0.954780021591763,0.961586483340423,0.955502010663136,0.954575823987115,0.94074179534842,0.962114909843435,0.957139217035203,0.944635554874477,0.947472624939874,0.960385365057737,0.962895037892684,0.946519102050771,0.970957610964183,0.938745309218358,0.955495483702912,0.940980452584428,0.961082792605041
"CAIEA.09v",0.940191390500713,0.959686821058913,0.957428229425964,0.958016524800758,0.934139243074796,0.947015962423661,0.969877282999394,0.946076027342317,0.980216359216117,0.958109959124935,0.926936070502319,0.959503334025729,0.946239454134761,0.948847672823776,0.976499248833442,0.956829530053412,0.953650928864062,0.944554951226411,0.929791427920545,0.965468848041442
"FUNDO.09v",0.969045680998744,0.969272572693168,0.967150511143483,0.963460132185697,0.965742669272862,0.952864835843267,0.963759880337696,0.942824295811991,0.953627637167507,0.968878278049215,0.953668759394481,0.963052101583693,0.963240672589951,0.959808864009186,0.962905031205665,0.966820645399915,0.965590705685146,0.950306069455469,0.973457533479968,0.963737377587742
"RINCO.09v",0.971069224887489,0.960038022860963,0.943133790838621,0.943300659609859,0.967106888920413,0.964438843936877,0.982963038230693,0.963653713197889,0.950998150128992,0.941965591530764,0.972229628230558,0.949479973209111,0.959724787464892,0.948203335657846,0.954583604415658,0.979166284654051,0.97145793446115,0.932711500772454,0.954493375792508,0.970596383882788
"ALEMO.09v",0,0,0,0,0,0,0,0,0,0,0,0,0,0,0,0,0,0,0,0
"LMEIO.09v",0.956893431782268,0.956567706994663,0.96685463577197,0.947822725601076,0.970379995670827,0.96160259976861,0.94676708677152,0.959656230250638,0.948633742692101,0.960387807703262,0.956504234363319,0.956484976288036,0.960883594281746,0.951255466123373,0.965775666917519,0.970792150543548,0.958810815215528,0.956988366924114,0.973847961103973,0.953110191410278
"CANAL.09v",0.943972000336264,0.968219457999519,0.947081370244876,0.978920193414066,0.96344813203797,0.963791857479853,0.973832662199651,0.969690711641736,0.945368920067408,0.957897725860173,0.981743825027748,0.95602688328862,0.977777901507139,0.94853244567197,0.948194671719285,0.950281320457799,0.966717637444632,0.960606336032067,0.965790360628271,0.964727120563366
"FIGUA.09v",0.976360580090521,0.960378022866179,0.983912514345936,0.981800382311663,0.979375151895034,0.953739044193855,0.949051246967186,0.960405573749595,0.97858075789276,0.978366031040933,0.950775443870187,0.960666244622148,0.968764659009147,0.97686137030033,0.94056394313124,0.980074641613536,0.940868884300711,0.958362029896711,0.961323202247244,0.949454084454285
"PPRAI.09v",0.950212026652954,0.940435971462682,0.919233101716071,0.971378355918539,0.957727238010244,0.97476492597611,0.964206400038425,0.955400148458181,0.974226942870731,0.9745760129713,0.977821270239416,0.942383596602805,0.924270902261087,0.944881367754131,0.958561250763659,0.974409511350123,0.953629360784478,0.947978713810084,0.959192570312354,0.984568502926694
"PRABA.12i",0.962039283309004,0.947771321968085,0.943033217546799,0.944152405342856,0.946129642822161,0.952823847709052,0.964617153260912,0.947515724176715,0.950715034459932,0.955058452517109,0.963729931123128,0.956947051556884,0.960604694355245,0.940001655930862,0.95562846010023,0.964902409743328,0.97176696324612,0.956405469628273,0.953207232729337,0.951239307717537
"PPRAI.12i",0.97708561345671,0.957993656080826,0.963153182469293,0.951501064861329,0.960716282223085,0.944723025088783,0.943902595447779,0.955483117936273,0.959041343572561,0.948955661546423,0.939992114248249,0.980341219771386,0.945280320398507,0.975160846845169,0.92589796177333,0.93621894233209,0.950524000413614,0.958717907932414,0.959852851742711,0.961922338904427
"BARRA.1.12i",0.979131733242533,0.951478523295593,0.941119690094849,0.954578919677639,0.961357779413278,0.962709865831136,0.962550286283468,0.947614453326897,0.958922696699769,0.96697556113915,0.955640435674842,0.944596244205648,0.976494907932209,0.941452413574296,0.948119457777698,0.953279718336827,0.953267150445269,0.972200230713028,0.943385933505515,0.964122544841833
"BABAL.12i",0.941868807739127,0.952847467278216,0.979995874363356,0.962853021174501,0.961583304973922,0.976839644414461,0.93916663124887,0.966116257752214,0.971290048200557,0.96273736680346,0.95061688903933,0.96046730807999,0.951158333252158,0.955703036694424,0.950869327955431,0.957350833895005,0.9529244542138,0.93284062518438,0.967963768785513,0.963443916654391
"FUNDO.12i",0.949102587126418,0.938960622235503,0.954855317100157,0.954701238997277,0.96042135327888,0.956260387827831,0.951689409889366,0.963265830690938,0.970273440073432,0.952553812247478,0.961324908868267,0.960395785882476,0.95970021768292,0.965330383244512,0.960663025445387,0.957570745716052,0.954815310461021,0.965449809753657,0.953818199106668,0.952973775199849
"RINCO.12i",0.953399828295232,0.973904089560138,0.944213333600009,0.966846093851216,0.959917254487617,0.968282490413219,0.964967705685177,0.959018117043014,0.946864995266685,0.938926649485141,0.935536060766966,0.966118153430358,0.958042210061565,0.970101252285159,0.95409612415155,0.956994845674861,0.97565288864729,0.939419425110029,0.91884741275005,0.963495500036766
"TALHA.12i",0.957628308878896,0.953409309872508,0.96042141501271,0.966853316364724,0.965703969486882,0.964323844051833,0.955188255822983,0.967774434618191,0.952413670519277,0.960469874796153,0.940359533287937,0.954016712893257,0.961578895486277,0.956245720746398,0.959308237899958,0.950822276971792,0.943237998309324,0.958471271357807,0.948891285869715,0.956545829198171
"FIGUA.12i",0.953811660500263,0.964017327574749,0.945519568325552,0.967758439800621,0.97053456872745,0.949627656134635,0.960133745280956,0.932741861655497,0.968254686463216,0.940821259661538,0.961148354400821,0.921103680155508,0.959803874281058,0.94302628408954,0.955225653025699,0.955272331059874,0.964325012252788,0.966326255979375,0.913930548912526,0.955470656892903
"PRABA.12v",0.955005367116648,0.953888020319237,0.970780788053955,0.946879360234173,0.957587811205292,0.96949261216276,0.972089635242935,0.961747142906399,0.968281309385856,0.965631335422235,0.962555349046847,0.949330580705862,0.953457383898555,0.948814893338039,0.955272550426654,0.951730386446311,0.959855699130491,0.950829107710329,0.967812331877279,0.966486418604767
"PPRAI.12v",0.971776642501696,0.968738852477932,0.960941806043824,0.97903772882785,0.968515257271448,0.942679311243654,0.96173630116299,0.951027288897522,0.966033648231914,0.959834895787444,0.938799605607157,0.96473150616694,0.95446291633523,0.963973516539786,0.96394142987031,0.960430958221344,0.936049985518339,0.956499841817391,0.955725465227636,0.94900223080985
"BARRA1.12v",0.952089561444944,0.982557347882244,0.978195870152702,0.9654840310917,0.970375513792159,0.913426393857719,0.967045054255887,0.959175639472756,0.973965792055535,0.982059486521069,0.974890710848964,0.938927605469914,0.947088717852981,0.962287425348713,0.950293731254939,0.972874065967312,0.965270075879162,0.973959399115858,0.936646162887723,0.957900252228883
"BABAL.12v",0.978788553757968,0.973543734509944,0.943375111630523,0.957486064766776,0.959196438048511,0.962100331348603,0.9704393438277,0.975967151879459,0.968780656480404,0.960433753644756,0.969062665844214,0.974573538325656,0.953931523295032,0.965442257530887,0.942685661133767,0.926729657618443,0.971520872871636,0.959959419075913,0.945712901609099,0.963430813647111
"FUNDO.12v",0.970978230517126,0.949039306520381,0.942116903241951,0.939153923297585,0.974729731947466,0.965306476079907,0.944599349688945,0.97151948029765,0.967835856570536,0.965762349739162,0.959138397301697,0.954897486735831,0.981302772007487,0.96963443344723,0.955279328239988,0.944164233908207,0.960322791552206,0.955570836337524,0.958259094306397,0.950180663607283
"RINCO.12v",0.959900145447343,0.96009855611945,0.970494738863893,0.956856255291539,0.967743898752336,0.962708786874312,0.962154687117414,0.958373859335984,0.971817671886258,0.965253431755283,0.95866215996705,0.965044975617759,0.970002477464291,0.951649277044742,0.957615614820759,0.955950220560754,0.966386699241524,0.964189216375003,0.956102090640155,0.956934059202657
"CANAL.12v",0.939287473475414,0.925500015162772,0.94965130098823,0.926186132101138,0.957241492152221,0.939772694478571,0.977532714551206,0.979254973788728,0.937834103131434,0.966340840783209,0.940415523423117,0.936176651542937,0.947428827141991,0.964586500054766,0.930894595735293,0.935192102678032,0.975653652870571,0.971535083670239,0.96823581390298,0.955214080864997
"TALHA.12v",0.976949529478601,0.945126329231406,0.939860917667497,0.95316927287739,0.952539741768307,0.952366250087796,0.967386946185862,0.940669176661167,0.954600802628314,0.944794380895748,0.961046283820712,0.954480713276058,0.956850077225673,0.934878134625288,0.956314360520057,0.962215021520277,0.975939456981151,0.95213503551673,0.947171396342565,0.95845233687789
"BARRA2.12v",0.982505202401588,0.960965520726391,0.973482519116161,0.981313792559889,0.977628561802907,0.918374070056005,0.957502990199581,0.967137867339038,0.970161577551261,0.973078465342833,0.914032797038845,0.976864279572726,0.967936607209514,0.962187135672161,0.953630427160431,0.944057376829072,0.960475881988805,0.956108184267874,0.969683691479315,0.982545681682739
"PRABA.13v",0.969427205316441,0.960390583878109,0.937513780610812,0.964908861686829,0.955918608372302,0.958788389752864,0.970788654112189,0.946272282158388,0.966414701744803,0.971799346596667,0.965506480487506,0.964645650572706,0.982773018713041,0.939713199021649,0.969534293943723,0.96205399929219,0.97241950267623,0.970514978913821,0.940484497881194,0.971431893327964
"PPRAI.13v",0.971631328767782,0.966665285460147,0.95626442966555,0.953204028820846,0.971200997837654,0.946403192377574,0.951583125439417,0.98279970956527,0.968545653416655,0.980753221432749,0.962609763801766,0.9669523305665,0.963870657026415,0.966813418793829,0.951500107152352,0.958800274066802,0.960753981566473,0.954065708485068,0.935042064266555,0.949425976245232
"FUNDO.13v",0.938940511236573,0.947585745846767,0.971717507208597,0.966657909931263,0.953371952774429,0.965108145435852,0.968518387766499,0.960035086275058,0.946675601360988,0.942930259736572,0.930646929296067,0.947085337556298,0.969098498878374,0.913755303319298,0.96056014604192,0.967966592237939,0.957563826064085,0.9755457899152,0.970572434632728,0.968693541621894
"BABAL.13v",0.952427149034841,0.933140015165457,0.953186404877641,0.949716142762896,0.954596645735337,0.954089197544713,0.963601424003948,0.961531772826426,0.932747806103117,0.941581137600892,0.949034370593504,0.961892483628591,0.955464063756553,0.958136456215039,0.972086606439349,0.944154016134246,0.956057452530267,0.937285315446906,0.956295578768626,0.960620139242636
"FIGUA.13v",0.93774741707598,0.914030831358386,0.935447051028024,0.97584022798462,0.947537292431152,0.979550603956445,0.938583265264452,0.962930318288197,0.990068021746459,0.968791145438778,0.957312059306236,0.979758138513923,0.954225810136548,0.913513283589013,0.986879002363752,0.966819435301861,0.94864625719147,0.968228256388275,0.911722044156174,0.952413661114853
"RINCO.13v",0.937521984619487,0.953408184728896,0.954105762975853,0.954488218520894,0.951438047113788,0.955143029293275,0.966198540469371,0.969288535055065,0.961499503417974,0.95147572287268,0.969371208025938,0.952088497701081,0.966729399683748,0.944455689875036,0.967667956353866,0.955203622923482,0.957647638889657,0.980565054561167,0.946651442954281,0.970679519841763
"TALHA.13v",0.960219877977341,0.963363709833106,0.956925095228145,0.957217352916862,0.958275041443376,0.949415525053593,0.955113340639221,0.967105324919699,0.952885207803193,0.961581866279434,0.964193867779317,0.978004177227351,0.975364254870746,0.966443350919242,0.976386032923322,0.96955708287131,0.944186237931118,0.971453508124692,0.954842226206535,0.966005147464941
"PRABA.14i",0.936186372293177,0.959420349342039,0.94157449334925,0.958042916632812,0.93413164472325,0.948881763270536,0.936877044753563,0.95357628043268,0.971521701166093,0.958358939773155,0.94783110981062,0.968797874679359,0.958785138894569,0.938242648109116,0.960568629917835,0.945118143080604,0.957082234935268,0.970306383734098,0.950047986437073,0.973981699391677
"PPRAI.14i",0.950305614711934,0.93630785725977,0.962507776062299,0.971159702233061,0.936744317911343,0.962224277071932,0.970748059031501,0.955640792201663,0.952587175572554,0.945846533714847,0.946896984976443,0.980672723985289,0.962007715754991,0.928343828190175,0.965435188698806,0.955170403355801,0.952108090607868,0.930462163056002,0.971202873638785,0.936502321862141
"BARRA.14i",0.935004852100914,0.975232783090015,0.956190947148832,0.966360098399379,0.962283437720352,0.952907163343567,0.96419713129498,0.952056663976705,0.974561881917005,0.941098843087861,0.962346826899614,0.939755808494386,0.953454641885412,0.972523392974575,0.94971471489989,0.930800065864406,0.962390034281272,0.961880994585036,0.951066670710976,0.945070402005164
"BABAL.14i",0.958624662437554,0.963575121413633,0.957049022115115,0.96202588414549,0.936016028012434,0.958639721707877,0.951157872421652,0.959409143160678,0.936250035279365,0.973492262846999,0.946129207707992,0.970104143457701,0.931590025927201,0.950029705000086,0.966584293130103,0.947128171529717,0.964384547572516,0.939985779538109,0.945736270169261,0.947105654235263
"FUNDO.14i",0.941790580636814,0.961609265888715,0.933207439758107,0.956816994168343,0.959736716524705,0.978078830865241,0.971849988250275,0.962822992496145,0.982120595823717,0.968769911239493,0.961771965976478,0.933508997531545,0.961390085159666,0.96557868622817,0.980831440532749,0.919056058079944,0.930323468236858,0.972351014455188,0.958735467044061,0.978218024353268
"RINCO.14i",0.957245319408521,0.950985745183992,0.959426393844952,0.960764702667479,0.968828619627499,0.962365365302726,0.963296245655995,0.97169645505601,0.955295202810786,0.951855178797678,0.942646373792706,0.941870171384146,0.973164831291798,0.947298338018593,0.957908991903177,0.954837376876396,0.96136805480652,0.950622542813357,0.963354122377023,0.955460957835113
"FIGUA.14i",0.954959148774685,0.948887095255222,0.961841813618505,0.970493581350801,0.980369484718832,0.961939439399269,0.947404573355481,0.962415365701577,0.966263102124235,0.979267212632943,0.958939039129664,0.98065016463751,0.974772987039879,0.93794840628114,0.931508878831265,0.96310416587379,0.950012804640673,0.974635079422294,0.958419597352634,0.9458368580618
"TALHA.14i",0.97675768187585,0.953400122592759,0.952649590187337,0.964142843599167,0.950452847711221,0.976135842927741,0.956126101513322,0.952457107374268,0.965115663030516,0.954580484903254,0.947235965191715,0.95977414660939,0.95810036220737,0.970849625737443,0.970714272745658,0.940959254322294,0.984406465328582,0.938001596830882,0.959387764292598,0.966932732185548
"BARRA.15v",0.940615178569927,0.957839165317503,0.973196352187269,0.947195553509414,0.941446157432,0.956555076318525,0.965688809687422,0.968544452327539,0.953618984178746,0.957170428397207,0.954263682966529,0.96217813283659,0.935363551591294,0.945620859672782,0.959851933522199,0.958929731850584,0.977291331438374,0.949699811425707,0.941389459901462,0.967327496835665
"PRABA.15v",0.986689810447374,0.937285429003105,0.975915379563293,0.931776385611448,0.979169180513902,0.916452031286837,0.978979549409635,0.968385907008648,0.969247838182046,0.981819857105301,0.963915169901156,0.983086468738023,0.93976810025682,0.978998661472768,0.918725473151968,0.953361155165199,0.977256430294203,0.950078837510527,0.937135947885654,0.960438025670061
"PPRAI.15v",0.969657102311855,0.965494250408221,0.956148683546467,0.950264589262022,0.971915940205586,0.964755671837348,0.96205977568018,0.946464812474086,0.97221481492637,0.953263906444907,0.951992327299729,0.958591694681847,0.953463100875687,0.968211948283524,0.949441816865708,0.95252203946662,0.957058888084331,0.933247560687935,0.951268739099201,0.974533793371881
"FUNDO.15v",0.956177616506549,0.950017256132492,0.948725691476063,0.960658884646572,0.961933041577651,0.981023010430304,0.9613994757157,0.960536763889087,0.951593126293368,0.959516660762864,0.970366316815701,0.966823915579593,0.958586477057386,0.929936403824842,0.953692807445709,0.962073295649792,0.938152746239125,0.9500667472833,0.944082926325485,0.95431511790018
"BABAL.15v",0.958469096294672,0.949026093766614,0.974776814626379,0.940960000721095,0.951853835503581,0.969975847437421,0.974100732557562,0.964068048194245,0.967340228007029,0.98377426296507,0.967889813214584,0.960449566440123,0.962130178705106,0.940920041407241,0.954804463013999,0.986546101801644,0.956119598024151,0.985748023184441,0.972328240166984,0.943739538179601
"FIGUA.15v",0,0,0,0,0,0,0,0,0,0,0,0,0,0,0,0,0,0,0,0
"RINCO.15v",0.972302377228177,0.948908823930737,0.966447434190631,0.952546969193685,0.96518778721203,0.976905572506187,0.968428072655568,0.965472213453728,0.967929868592249,0.963619698384097,0.95770588804776,0.954454723641477,0.960395442050494,0.967146351413628,0.95657752998804,0.965858080956542,0.952243497776492,0.959624566253348,0.954998997603865,0.966880276560898
"TALHA.15v",0.964682732414945,0.967357510347196,0.946090171446906,0.944020123068357,0.937960013539397,0.958407457943278,0.958938345207053,0.960328538065997,0.960473540683193,0.970987174379648,0.961049402003175,0.9571839996756,0.975048566059371,0.955593191526429,0.965806444682432,0.954949161394129,0.958220831707458,0.957709670171482,0.953803592159249,0.953158254428068
